{"vertices":[[-0.2946617728358007,-0.7713271052399572,1.4899653040054452],[-0.04639142601630657,0.8101733337293776,1.4549661626805268],[0.3897763085910943,-0.06448204504154138,1.628729606098137],[1.1964000370352297,-0.3260037946523531,1.1125682032548228],[0.9703376527112748,-1.2085558205360922,0.6109805217995117],[1.5868357998856493,0.2998236617407671,0.44822042647994337],[1.1493311067185426,1.174072158784776,0.2757754570930556],[0.34265474966905735,1.437271169910071,0.7910012271335642],[0.03523223581122505,-1.448629127417459,0.8420664910858919],[-1.1444496086435674,-0.3701476844039349,1.1670772980647952],[-1.0246358688645048,0.6152765393805645,1.1606100318209622],[-1.398147039692081,-0.8429184694436164,0.33186268080397113],[-1.1915711675656042,1.1316055305476773,0.32934891910022207],[-1.5654999678542911,-0.328219911964417,-0.5003250690206478],[-1.4452159700087681,0.6571574839935125,-0.5049300653577963],[-0.370859653562583,1.6570817796034116,0.13531727108710037],[-0.6459649811678375,-1.5305737009785425,0.12463113020822453],[-0.38581812339949856,-1.406701354977941,-0.8253358759995509],[1.23229172710578,-1.0843234206351504,-0.3384426885323019],[1.6410423597765904,-0.18222684140079762,-0.41897615979980957],[1.1876129823740094,0.33957786947180507,-1.1327426491988077],[0.8947809141413766,1.1994200116373834,-0.7322692681052504],[-0.056568067842582656,1.4770253776411093,-0.7899618485451869],[0.5497575515670116,-1.1666748759231444,-1.0545595753792467],[0.5212697433138004,-0.2587749971867978,-1.5610166191222419],[-0.43049686813126936,0.01719993512901458,-1.619635836666057],[-0.7215217197377358,0.877402131194933,-1.2186186596965378],[-0.9755209333782061,-0.7035278329626564,-1.2063064152927354]],"edges":[[0,2],[1,2],[2,3],[3,4],[3,5],[5,6],[6,7],[7,1],[4,8],[8,0],[0,9],[9,10],[10,1],[9,11],[12,10],[11,13],[13,14],[14,12],[12,15],[15,7],[8,16],[16,17],[16,11],[4,18],[18,19],[19,5],[19,20],[20,21],[21,6],[21,22],[22,15],[17,23],[23,18],[20,24],[24,25],[25,26],[26,22],[26,14],[24,23],[17,27],[27,13],[27,25]]}