{"vertices":[[-0.703261744991819,-1.6143587688554644,-0.27654158515299293],[-1.2663860183360243,-0.26448349954690015,-0.9845554050193965],[-0.5816173897359803,-1.0328265863077453,-1.1126656591694764],[0.44741456055424106,-0.969749671486117,-1.2257406741146655],[0.8163396701787183,-1.521211253853132,-0.443522749034909],[1.04582778553971,-0.12275095847727739,-1.2386326572912845],[-1.0912465811756389,0.7567015731228223,-0.9378795460123752],[-0.18808264663003732,1.2617554436018605,-1.0077859559947073],[0.7630049214011599,0.8703622461980619,-1.1416336824188078],[-1.2823811364537967,-1.1961355431986185,0.31931950775487306],[-1.7144794985237068,-0.4797241818059718,-0.08735744616740232],[-1.45584599692443,1.028289520919469,-0.018429847387436478],[-1.70003388714469,0.27042361545876453,0.46256071561507167],[-0.12211754206021469,1.7741172632950568,-0.12166267656118872],[-0.8163396701787186,1.5212112538531328,0.4435227490349091],[1.282381136453797,1.1961355431986194,-0.3193195077548731],[0.7032617449918191,1.6143587688554655,0.276541585152993],[1.70003388714469,-0.27042361545876403,-0.4625607156150716],[1.714479498523707,0.4797241818059724,0.08735744616740244],[1.2663860183360245,0.26448349954690087,0.9845554050193966],[1.4558459969244297,-1.0282895209194685,0.018429847387436554],[0.12211754206021466,-1.774117263295056,0.12166267656118866],[1.0912465811756389,-0.7567015731228217,0.9378795460123752],[0.1880826466300373,-1.2617554436018599,1.007785955994707],[-0.7630049214011598,-0.8703622461980614,1.1416336824188078],[-1.04582778553971,0.12275095847727797,1.2386326572912847],[-0.4474145605542411,0.9697496714861179,1.225740674114666],[0.5816173897359804,1.0328265863077464,1.1126656591694766]],"edges":[[0,2],[1,2],[2,3],[3,4],[3,5],[1,6],[6,7],[7,8],[8,5],[0,9],[9,10],[10,1],[6,11],[11,12],[12,10],[7,13],[13,14],[14,11],[8,15],[15,16],[16,13],[5,17],[17,18],[18,19],[15,18],[4,20],[20,17],[4,21],[21,0],[19,22],[22,20],[22,23],[23,21],[23,24],[24,9],[24,25],[25,12],[25,26],[26,14],[26,27],[27,16],[27,19]]}