{"vertices":[[0.01658896626847494,-0.6184415247618443,-1.2572908884624951],[-0.5342766754708967,0.8730109584766685,-0.9570401203658268],[0.23268862595818504,0.35479413352357986,-1.3354784227868923],[1.0379952944359456,0.5387743668620373,-0.7718895270073736],[1.3196025272324352,-0.32075525396208365,-0.34538489940921163],[0.7687368854930635,1.170697229276429,-0.045134131312543214],[0.6883387001007092,-1.0359540073071574,-0.6453794389739499],[-0.2029806314681169,1.3772668031781894,-0.15956349104527778],[-1.2243869596355876,0.22005091155430775,-0.6449648525003993],[-0.8839332698061331,-0.701717415692526,-0.830530032332403],[-0.7687368854930634,-1.1706972292764295,0.04513413131254314],[0.202980631468117,-1.3772668031781898,0.15956349104527767],[-1.3196025272324352,0.3207552539620835,0.3453848994092116],[-1.0379952944359456,-0.5387743668620376,0.7718895270073736],[-0.6883387001007091,1.0359540073071571,0.6453794389739498],[0.8839332698061333,0.7017174156925258,0.830530032332403],[1.2243869596355879,-0.22005091155430806,0.6449648525003993],[0.5342766754708969,-0.8730109584766689,0.9570401203658266],[-0.23268862595818493,-0.35479413352358014,1.3354784227868923],[-0.016588966268474798,0.6184415247618441,1.2572908884624951]],"edges":[[0,2],[1,2],[2,3],[3,4],[3,5],[4,6],[6,0],[5,7],[7,1],[1,8],[8,9],[9,0],[9,10],[10,11],[11,6],[8,12],[12,13],[13,10],[12,14],[14,7],[5,15],[15,16],[16,4],[16,17],[17,11],[17,18],[18,13],[18,19],[19,14],[19,15]]}