{"vertices":[[-1.0000000000000018,-0.8660254037844394,0],[-1.0000000000000022,0.866025403784439,0],[-0.5000000000000012,-5.209947395338254e-17,0],[0.500000000000001,2.5471517594747357e-16,0],[1.000000000000002,-0.8660254037844388,0],[1.0000000000000016,0.8660254037844396,0]],"edges":[[0,2],[1,2],[2,3],[3,4],[3,5]]}