{"vertices":[[-0.22579284192629565,-0.5110306655549133,0.12136424896055438],[-0.7889171152705008,0.8388446037536508,-0.5866495709058491],[-0.10414848667045691,0.07050151699280577,-0.7147598250559289],[0.9248834636197645,0.133578431814434,-0.8278348400011182],[1.2938085732442417,-0.41788315055258096,-0.045616914921361766],[1.5232966886052335,0.9805771448232734,-0.8407268231777372],[-0.6137776781101155,1.8600296764233732,-0.5399737118988278],[0.28938625643548604,2.3650835469024116,-0.6098801218811599],[1.2404738244666833,1.9736903494986129,-0.7437278483052604],[-0.8049122333882733,-0.09280743989806745,0.7172253418684204],[-1.2370105954581834,0.6236039214945791,0.310548387946145],[-0.9783770938589066,2.13161762422002,0.37947598672611077],[-1.2225649840791668,1.3737517187593153,0.860466549728619],[0.3553513610053086,2.8774453665956083,0.2762431575523587],[-0.33887076711319536,2.6245393571536844,0.8414285831484566],[1.7598500395193206,2.2994636464991705,0.07858632635867413],[1.1807306480573425,2.717686872156017,0.6744474192665405],[2.177502790210214,0.8329044878417866,-0.06465488150152429],[2.191948401589231,1.5830522851065232,0.48526328028094984],[1.7438549214015482,1.3678116028474514,1.382461239132944],[1.9333148999899534,0.07503858238108246,0.4163356815009839],[0.5995864451257379,-0.6707891599945047,0.519568510674736],[1.5687154842411624,0.34662653017772926,1.3357853801259225],[0.6655515496955605,-0.15842734030130873,1.4056917901082544],[-0.2855360183356364,0.2329658571024898,1.539539516532355],[-0.5683588824741866,1.2260790617778288,1.636538491404832],[0.030054342511282202,2.073077774786669,1.6236465082282132],[1.0590862928015037,2.1361546896082975,1.510571493283024]],"edges":[[0,2],[1,2],[2,3],[3,4],[3,5],[1,6],[6,7],[7,8],[8,5],[0,9],[9,10],[10,1],[6,11],[11,12],[12,10],[7,13],[13,14],[14,11],[8,15],[15,16],[16,13],[5,17],[17,18],[18,19],[15,18],[4,20],[20,17],[4,21],[21,0],[19,22],[22,20],[22,23],[23,21],[23,24],[24,9],[24,25],[25,12],[25,26],[26,14],[26,27],[27,16],[27,19]]}