{"vertices":[[-0.45746421977297064,-1.0924514573887925,-0.6239023663330066],[-1.0083298615123424,0.39900102584972047,-0.32365159823633816],[-0.24136456008326054,-0.11921579910336827,-0.7020899006574038],[0.5639421083945001,0.0647644342350892,-0.13850100487788503],[0.8455493411909897,-0.7947651865890317,0.28800362272027696],[0.29468369945161793,0.696687296649481,0.5882543908169453],[0.21428551405926366,-1.5099639399341054,-0.011990916844461299],[-0.6770338175095625,0.9032568705512413,0.47382503108421076],[-1.6984401456770333,-0.2539590210726403,-0.0115763303709107],[-1.3579864558475787,-1.1757273483194741,-0.19714151020291434],[-1.242790071534509,-1.6447071619033775,0.6785226534420318],[-0.2710725545733285,-1.8512767358051379,0.7929520131747663],[-1.7936557132738808,-0.1532546786648646,0.9787734215387002],[-1.5120484804773913,-1.0127842994889857,1.4052780491368622],[-1.1623918861421547,0.561944074680209,1.2787679611034384],[0.4098800837646877,0.2277074830655777,1.4639185544618916],[0.7503337735941422,-0.6940608441812561,1.2783533746298879],[0.06022348942945125,-1.347020891103617,1.5904286424953153],[-0.7067418119996305,-0.8288040661505283,1.968866944916381],[-0.49064215230992037,0.14443159213489598,1.8906794105919837]],"edges":[[0,2],[1,2],[2,3],[3,4],[3,5],[4,6],[6,0],[5,7],[7,1],[1,8],[8,9],[9,0],[9,10],[10,11],[11,6],[8,12],[12,13],[13,10],[12,14],[14,7],[5,15],[15,16],[16,4],[16,17],[17,11],[17,18],[18,13],[18,19],[19,14],[19,15]]}