{"vertices":[[-1.1665029588580282,-0.5369687923745353,0.663650657269059],[-0.918232612038534,1.0445316465947996,0.6286515159441407],[-0.48206487743113324,0.16987626782388057,0.8024149593617511],[0.3245588510130021,-0.09164548178693115,0.28625355651843665],[0.09849646668904719,-0.9741975076706703,-0.21533412493687448],[0.7149946138634218,0.5341819746061889,-0.37809422025644274],[0.27748992069631506,1.4084304716501979,-0.5505391896433305],[-0.5291864363531701,1.671629482775493,-0.035313419602821916],[-0.8366089502110025,-1.2142708145520371,0.01575184434950579],[-2.016290794665795,-0.13578937153851306,0.3407626513284091],[-1.8964770548867322,0.8496348522459866,0.3342953850845762],[-2.2699882257143087,-0.6085601565781945,-0.49445196593241486],[-2.063412353587832,1.3659638434130994,-0.4969657276361638],[-2.437341153876519,-0.09386159909899511,-1.3266397157570338],[-2.3170571560309963,0.8915157968589345,-1.3312447120941822],[-1.2427008395848103,1.8914400924688335,-0.6909973756492857],[-1.5178061671900651,-1.2962153881131206,-0.7016835165281615],[-1.257659309421726,-1.1723430421125192,-1.651650522735937],[0.36045054108355234,-0.8499651077697286,-1.164757335268688],[0.7692011737543628,0.0521314714646242,-1.2452908065361956],[0.3157717963517817,0.573936182337227,-1.959057295935194],[0.02293972811914909,1.4337783245028053,-1.5585839148416365],[-0.92840925386481,1.7113836905065312,-1.616276495281573],[-0.32208363445521615,-0.9323165630577225,-1.8808742221156327],[-0.35057144270842716,-0.02441668432137586,-2.387331265858628],[-1.3023380541534968,0.2515582479944365,-2.4459504834024433],[-1.5933629057599634,1.111760444060355,-2.0449333064329243],[-1.8473621194004337,-0.4691695200972345,-2.0326210620291216]],"edges":[[0,2],[1,2],[2,3],[3,4],[3,5],[5,6],[6,7],[7,1],[4,8],[8,0],[0,9],[9,10],[10,1],[9,11],[12,10],[11,13],[13,14],[14,12],[12,15],[15,7],[8,16],[16,17],[16,11],[4,18],[18,19],[19,5],[19,20],[20,21],[21,6],[21,22],[22,15],[17,23],[23,18],[20,24],[24,25],[25,26],[26,22],[26,14],[24,23],[17,27],[27,13],[27,25]]}